,PC1,PC2
pm25,0.5548389876891338,0.02912430663721939
pm10,0.5499958311185189,-0.043705848608621284
no2,0.4933566232807832,0.01599158474677955
o3,0.3823646893388259,0.01819510274926287
temp,-0.007332055283063341,0.8877043876355865
humidity,-0.0010055195069159806,0.4567665718789631
